"ID","PRACTITIONERID","SPECIALTYCODE","SPECIALTYDESCRIPTION","ROLECODE","ROLEDESCRIPTION"
"88022","88022",NRL,,CIRA|CIRP,
"21132","21132",URG,URGENCIAS,CIRA|CIRP,CIRUJANO|CIRUJANO AYUDANTE
"21133","21133",MIR,MEDICINA INTERNA,CIRA|CIRP,CIRUJANO|CIRUJANO AYUDANTE
"21134","21134",MIR,MEDICINA INTERNA,CIRA|CIRP,CIRUJANO|CIRUJANO AYUDANTE
"21135","21135",MIR,MEDICINA INTERNA,CIRA|CIRP,CIRUJANO|CIRUJANO AYUDANTE
"21136","21136",ALG,ALERGOLOGIA,CIRA|CIRP,CIRUJANO|CIRUJANO AYUDANTE
"21137","21137",ALG,ALERGOLOGIA,CIRA|CIRP,CIRUJANO|CIRUJANO AYUDANTE
"21138","21138",MNU,MEDICINA NUCLEAR,CIRA|CIRP,CIRUJANO|CIRUJANO AYUDANTE
"21139","21139",ONC,ONCOLOGIA MEDICA,CIRA|CIRP,CIRUJANO|CIRUJANO AYUDANTE
"21140","21140",GRT,GERIATRIA,CIRA|CIRP,CIRUJANO|CIRUJANO AYUDANTE
"21141","21141",GRT,GERIATRIA,CIRA|CIRP,CIRUJANO|CIRUJANO AYUDANTE
"21142","21142",GRT,GERIATRIA,CIRA|CIRP,CIRUJANO|CIRUJANO AYUDANTE
"21143","21143",END,ENDOCRINOLOGIA,CIRA|CIRP,CIRUJANO|CIRUJANO AYUDANTE
"21144","21144",END,ENDOCRINOLOGIA,CIRA|CIRP,CIRUJANO|CIRUJANO AYUDANTE
"21146","21146",ENF,ENFERMERIA,DUEC|DUEI|DUEP,ENFERMERO CIRCULANTE|ENFERMERO INSTRUMENTISTA|ENFERMERO PERFUSIONISTA
"21147","21147",CGD,CIRUGIA GRAL Y DE DIGESTIVO,CIRA|CIRP,CIRUJANO|CIRUJANO AYUDANTE
"21148","21148",FAR,FARMACIA,CIRA|CIRP,CIRUJANO|CIRUJANO AYUDANTE
"21150","21150",CMF,CIRUGIA MAXILOFACIAL,CIRA|CIRP,CIRUJANO|CIRUJANO AYUDANTE
"21151","21151",CMF,CIRUGIA MAXILOFACIAL,CIRA|CIRP,CIRUJANO|CIRUJANO AYUDANTE
"21152","21152",CPE,CIRUGIA PEDIATRICA,CIRA|CIRP,CIRUJANO|CIRUJANO AYUDANTE
"21153","21153",HEM,HEMATOLOGIA,CIRA|CIRP,CIRUJANO|CIRUJANO AYUDANTE
"21155","21155",HEM,HEMATOLOGIA,CIRA|CIRP,CIRUJANO|CIRUJANO AYUDANTE
"21156","21156",HEM,HEMATOLOGIA,CIRA|CIRP,CIRUJANO|CIRUJANO AYUDANTE
"21157","21157",MIR,MEDICINA INTERNA,CIRA|CIRP,CIRUJANO|CIRUJANO AYUDANTE
"21159","21159",MIC,MICROBIOLOGIA Y PARASITOLOGIA,CIRA|CIRP,CIRUJANO|CIRUJANO AYUDANTE
"21160","21160",REH,REHABILITACION,CIRA|CIRP,CIRUJANO|CIRUJANO AYUDANTE
"21161","21161",REH,REHABILITACION,CIRA|CIRP,CIRUJANO|CIRUJANO AYUDANTE
"21162","21162",REH,REHABILITACION,CIRA|CIRP,CIRUJANO|CIRUJANO AYUDANTE
"21163","21163",PSC,PSICOLOGIA CLINICA,CIRA|CIRP,CIRUJANO|CIRUJANO AYUDANTE
"21164","21164",MIR,MEDICINA INTERNA,CIRA|CIRP,CIRUJANO|CIRUJANO AYUDANTE
"21165","21165",ALG,ALERGOLOGIA,CIRA|CIRP,CIRUJANO|CIRUJANO AYUDANTE
"21166","21166",MIR,MEDICINA INTERNA,CIRA|CIRP,CIRUJANO|CIRUJANO AYUDANTE
"21172","21172",REU,REUMATOLOGIA,CIRA|CIRP,CIRUJANO|CIRUJANO AYUDANTE
"21173","21173",REU,REUMATOLOGIA,CIRA|CIRP,CIRUJANO|CIRUJANO AYUDANTE
"21175","21175",DIG,DIGESTIVO,CIRA|CIRP,CIRUJANO|CIRUJANO AYUDANTE
"21176","21176",DIG,DIGESTIVO,CIRA|CIRP,CIRUJANO|CIRUJANO AYUDANTE
"21177","21177",CPL,CIRUGIA PLASTICA,CIRA|CIRP,CIRUJANO|CIRUJANO AYUDANTE
"21178","21178",ONC,ONCOLOGIA MEDICA,CIRA|CIRP,CIRUJANO|CIRUJANO AYUDANTE
"21179","21179",NEF,NEFROLOGIA,CIRA|CIRP,CIRUJANO|CIRUJANO AYUDANTE
"21180","21180",NEF,NEFROLOGIA,CIRA|CIRP,CIRUJANO|CIRUJANO AYUDANTE
"21181","21181",ONC,ONCOLOGIA MEDICA,CIRA|CIRP,CIRUJANO|CIRUJANO AYUDANTE
"21182","21182",DIG,DIGESTIVO,CIRA|CIRP,CIRUJANO|CIRUJANO AYUDANTE
"21183","21183",CTO,CIRUGIA TORACICA,CIRA|CIRP,CIRUJANO|CIRUJANO AYUDANTE
"21184","21184",MNU,MEDICINA NUCLEAR,CIRA|CIRP,CIRUJANO|CIRUJANO AYUDANTE
"21187","21187",ONC,ONCOLOGIA MEDICA,CIRA|CIRP,CIRUJANO|CIRUJANO AYUDANTE
"21190","21190",CGD,CIRUGIA GRAL Y DE DIGESTIVO,CIRA|CIRP,CIRUJANO|CIRUJANO AYUDANTE
"21191","21191",ENF,ENFERMERIA,AUXENF|DUEC|DUEI|DUEP,AUXILIAR DE ENFERMERIA|ENFERMERO CIRCULANTE|ENFERMERO INSTRUMENTISTA|ENFERMERO PERFUSIONISTA
"21192","21192",ANR,ANESTESIA Y REANIMACION,DUEC|DUEI,ENFERMERO CIRCULANTE|ENFERMERO INSTRUMENTISTA
"21193","21193",MIR,MEDICINA INTERNA,CIRA|CIRP,CIRUJANO|CIRUJANO AYUDANTE
"21194","21194",MIR,MEDICINA INTERNA,CIRA|CIRP,CIRUJANO|CIRUJANO AYUDANTE
"21195","21195",MIR,MEDICINA INTERNA,CIRA|CIRP,CIRUJANO|CIRUJANO AYUDANTE
"21196","21196",MIR,MEDICINA INTERNA,CIRA|CIRP,CIRUJANO|CIRUJANO AYUDANTE
"21197","21197",MIR,MEDICINA INTERNA,CIRA|CIRP,CIRUJANO|CIRUJANO AYUDANTE
"21198","21198",MIR,MEDICINA INTERNA,CIRA|CIRP,CIRUJANO|CIRUJANO AYUDANTE
"21199","21199",MIR,MEDICINA INTERNA,CIRA|CIRP,CIRUJANO|CIRUJANO AYUDANTE
"21200","21200",MIR,MEDICINA INTERNA,CIRA|CIRP,CIRUJANO|CIRUJANO AYUDANTE
"21201","21201",URG,URGENCIAS,CIRA|CIRP,CIRUJANO|CIRUJANO AYUDANTE
"21203","21203",MGEN,MEDICINA DE FAMILIA,CIRA|CIRP,CIRUJANO|CIRUJANO AYUDANTE
"21204","21204",MIR,MEDICINA INTERNA,CIRA|CIRP,CIRUJANO|CIRUJANO AYUDANTE
"21205","21205",MGEN,MEDICINA DE FAMILIA,CIRA|CIRP,CIRUJANO|CIRUJANO AYUDANTE
"21206","21206",MIR,MEDICINA INTERNA,CIRA|CIRP,CIRUJANO|CIRUJANO AYUDANTE
"21207","21207",MIR,MEDICINA INTERNA,CIRA|CIRP,CIRUJANO|CIRUJANO AYUDANTE
"21208","21208",MGEN,MEDICINA DE FAMILIA,CIRA|CIRP,CIRUJANO|CIRUJANO AYUDANTE
"21209","21209",MIR,MEDICINA INTERNA,CIRA|CIRP,CIRUJANO|CIRUJANO AYUDANTE
"21210","21210",MIR,MEDICINA INTERNA,CIRA|CIRP,CIRUJANO|CIRUJANO AYUDANTE
"21211","21211",MIR,MEDICINA INTERNA,CIRA|CIRP,CIRUJANO|CIRUJANO AYUDANTE
"21213","21213",MIR,MEDICINA INTERNA,CIRA|CIRP,CIRUJANO|CIRUJANO AYUDANTE
"21214","21214",MGEN,MEDICINA DE FAMILIA,CIRA|CIRP,CIRUJANO|CIRUJANO AYUDANTE
"21216","21216",MGEN,MEDICINA DE FAMILIA,CIRA|CIRP,CIRUJANO|CIRUJANO AYUDANTE
"21217","21217",MIR,MEDICINA INTERNA,CIRA|CIRP,CIRUJANO|CIRUJANO AYUDANTE
"21218","21218",MIR,MEDICINA INTERNA,CIRA|CIRP,CIRUJANO|CIRUJANO AYUDANTE
"21219","21219",MGEN,MEDICINA DE FAMILIA,CIRA|CIRP,CIRUJANO|CIRUJANO AYUDANTE
"21220","21220",MIC,MICROBIOLOGIA Y PARASITOLOGIA,CIRA|CIRP,CIRUJANO|CIRUJANO AYUDANTE
"21223","21223",ENF,ENFERMERIA,DUEC|DUEI,ENFERMERO CIRCULANTE|ENFERMERO INSTRUMENTISTA
"21225","21225",ENF,ENFERMERIA,DUEC|DUEI|DUEP,ENFERMERO CIRCULANTE|ENFERMERO INSTRUMENTISTA|ENFERMERO PERFUSIONISTA
"21226","21226",ENF,ENFERMERIA,DUEC|DUEI,ENFERMERO CIRCULANTE|ENFERMERO INSTRUMENTISTA
"21227","21227",ENF,ENFERMERIA,DUEC|DUEI|DUEP,ENFERMERO CIRCULANTE|ENFERMERO INSTRUMENTISTA|ENFERMERO PERFUSIONISTA
"21228","21228",ENF,ENFERMERIA,DUEC|DUEI,ENFERMERO CIRCULANTE|ENFERMERO INSTRUMENTISTA
"21131","21131",NRL,NEUROLOGIA,CIRA|CIRP,CIRUJANO|CIRUJANO AYUDANTE
RAZA_EST-88022,"88022",NRL,,CIRA|CIRP,
"280934","280934",NRL,NEUROLOGIA,CIRA|CIRP,CIRUJANO|CIRUJANO AYUDANTE
"99022","99022",,NEUROLOGIA,,CIRUJANO|CIRUJANO AYUDANTE
"10101","10101",CMF,CIRUGIA MAXILOFACIAL,CIRA|CIRP,CIRUJANO|CIRUJANO AYUDANTE
"20732","20732",CGD,CIRUGIA GRAL Y DE DIGESTIVO,CIRA|CIRP,CIRUJANO|CIRUJANO AYUDANTE
"20733","20733",PSQ,PSIQUIATRIA,CIRA|CIRP,CIRUJANO|CIRUJANO AYUDANTE
"20734","20734",PSQ,PSIQUIATRIA,CIRA|CIRP,CIRUJANO|CIRUJANO AYUDANTE
"20735","20735",PSQ,PSIQUIATRIA,CIRA|CIRP,CIRUJANO|CIRUJANO AYUDANTE
"20739","20739",NRL,NEUROLOGIA,CIRA|CIRP,CIRUJANO|CIRUJANO AYUDANTE
"20740","20740",NFL,NEUROFISIOLOGIA CLINICA,NEURES,NEUROFISOLOGO RESIDENTE
"20742","20742",RAD,RADIOLOGIA,RAD,RADIÓLOGO
"20743","20743",RAD,RADIOLOGIA,CIRA|CIRP|RAD,CIRUJANO|CIRUJANO AYUDANTE|RADIÓLOGO
"20744","20744",RAD,RADIOLOGIA,CIRA|CIRP|RAD,CIRUJANO|CIRUJANO AYUDANTE|RADIÓLOGO
"20745","20745",RAD,RADIOLOGIA,RAD,RADIÓLOGO
"20746","20746",ENF,ENFERMERIA,DUEC|DUEI|DUEP,ENFERMERO CIRCULANTE|ENFERMERO INSTRUMENTISTA|ENFERMERO PERFUSIONISTA
"20748","20748",CMF,CIRUGIA MAXILOFACIAL,CIRA|CIRP,CIRUJANO|CIRUJANO AYUDANTE
"20749","20749",CAR,CARDIOLOGIA,CIRA|CIRP,CIRUJANO|CIRUJANO AYUDANTE
"20750","20750",CAR,CARDIOLOGIA,CIRA|CIRP,CIRUJANO|CIRUJANO AYUDANTE
"20751","20751",CAR,CARDIOLOGIA,CIRA|CIRP,CIRUJANO|CIRUJANO AYUDANTE
"20752","20752",APA,ANATOMIA PATOLOGICA,CIRA|CIRP,CIRUJANO|CIRUJANO AYUDANTE
"20753","20753",APA,ANATOMIA PATOLOGICA,CIRA|CIRP,CIRUJANO|CIRUJANO AYUDANTE
"20758","20758",NML,NEUMOLOGIA,CIRA|CIRP,CIRUJANO|CIRUJANO AYUDANTE
"20760","20760",ENF,ENFERMERIA,DUEC|DUEI,ENFERMERO CIRCULANTE|ENFERMERO INSTRUMENTISTA
"20761","20761",ANR,ANESTESIA Y REANIMACION,CIRA|CIRP,CIRUJANO|CIRUJANO AYUDANTE
"20762","20762",ANR,ANESTESIA Y REANIMACION,ANE,ANESTESIÓLOGO
"20764","20764",ANR,ANESTESIA Y REANIMACION,ANE|CIRA|CIRP,ANESTESIÓLOGO|CIRUJANO|CIRUJANO AYUDANTE
"20776","20776",ENF,ENFERMERIA,DUEC|DUEI,ENFERMERO CIRCULANTE|ENFERMERO INSTRUMENTISTA
"20782","20782",ALG,ALERGOLOGIA,CIRA|CIRP,CIRUJANO|CIRUJANO AYUDANTE
"20783","20783",ANR,ANESTESIA Y REANIMACION,ANE,ANESTESIÓLOGO
"20784","20784",ANR,ANESTESIA Y REANIMACION,ANE,ANESTESIÓLOGO
"20785","20785",ANR,ANESTESIA Y REANIMACION,ANE,ANESTESIÓLOGO
"20787","20787",ANR,ANESTESIA Y REANIMACION,ANE,ANESTESIÓLOGO
"20788","20788",ANR,ANESTESIA Y REANIMACION,ANE,ANESTESIÓLOGO
"20789","20789",ANR,ANESTESIA Y REANIMACION,ANE,ANESTESIÓLOGO
"20791","20791",ORL,OTORRINOLARINGOLOGIA,CIRA|CIRP,CIRUJANO|CIRUJANO AYUDANTE
"20792","20792",NEF,NEFROLOGIA,CIRA|CIRP,CIRUJANO|CIRUJANO AYUDANTE
"20793","20793",NEF,NEFROLOGIA,CIRA|CIRP,CIRUJANO|CIRUJANO AYUDANTE
"20795","20795",CCA,CIRUGIA CARDIACA,CIRA|CIRP,CIRUJANO|CIRUJANO AYUDANTE
"20094","20094",ENF,ENFERMERIA,DUEC|DUEI|DUEP,ENFERMERO CIRCULANTE|ENFERMERO INSTRUMENTISTA|ENFERMERO PERFUSIONISTA
"20097","20097",ENF,ENFERMERIA,DUEC|DUEI|DUEP,ENFERMERO CIRCULANTE|ENFERMERO INSTRUMENTISTA|ENFERMERO PERFUSIONISTA
"20184","20184",ENF,ENFERMERIA,DUEC|DUEI|DUEP,ENFERMERO CIRCULANTE|ENFERMERO INSTRUMENTISTA|ENFERMERO PERFUSIONISTA
"20191","20191",ENF,ENFERMERIA,DUEC|DUEI,ENFERMERO CIRCULANTE|ENFERMERO INSTRUMENTISTA
"20192","20192",ENF,ENFERMERIA,DUEC|DUEI,ENFERMERO CIRCULANTE|ENFERMERO INSTRUMENTISTA
"20193","20193",ENF,ENFERMERIA,DUEC|DUEI,ENFERMERO CIRCULANTE|ENFERMERO INSTRUMENTISTA
"20194","20194",ENF,ENFERMERIA,DUEC|DUEI|DUEP,ENFERMERO CIRCULANTE|ENFERMERO INSTRUMENTISTA|ENFERMERO PERFUSIONISTA
"20195","20195",ENF,ENFERMERIA,DUEC|DUEI|DUEP,ENFERMERO CIRCULANTE|ENFERMERO INSTRUMENTISTA|ENFERMERO PERFUSIONISTA
"20196","20196",ENF,ENFERMERIA,DUEC|DUEI,ENFERMERO CIRCULANTE|ENFERMERO INSTRUMENTISTA
"20197","20197",ENF,ENFERMERIA,DUEC|DUEI,ENFERMERO CIRCULANTE|ENFERMERO INSTRUMENTISTA
"20203","20203",ENF,ENFERMERIA,DUEC|DUEI,ENFERMERO CIRCULANTE|ENFERMERO INSTRUMENTISTA
"20204","20204",ENF,ENFERMERIA,DUEC|DUEI,ENFERMERO CIRCULANTE|ENFERMERO INSTRUMENTISTA
"20205","20205",ENF,ENFERMERIA,DUEC|DUEI,ENFERMERO CIRCULANTE|ENFERMERO INSTRUMENTISTA
"20206","20206",ENF,ENFERMERIA,DUEC|DUEI,ENFERMERO CIRCULANTE|ENFERMERO INSTRUMENTISTA
"20208","20208",ENF,ENFERMERIA,DUEC|DUEI,ENFERMERO CIRCULANTE|ENFERMERO INSTRUMENTISTA
"20209","20209",ENF,ENFERMERIA,DUEC|DUEI|DUEP,ENFERMERO CIRCULANTE|ENFERMERO INSTRUMENTISTA|ENFERMERO PERFUSIONISTA
"20210","20210",ENF,ENFERMERIA,DUEC|DUEI,ENFERMERO CIRCULANTE|ENFERMERO INSTRUMENTISTA
"20221","20221",NRL,NEUROLOGIA,CIRA|CIRP,CIRUJANO|CIRUJANO AYUDANTE
"20225","20225",PED,PEDIATRIA,CIRA|CIRP,CIRUJANO|CIRUJANO AYUDANTE
"20231","20231",ENF,ENFERMERIA,DUEC|DUEI|DUEP,ENFERMERO CIRCULANTE|ENFERMERO INSTRUMENTISTA|ENFERMERO PERFUSIONISTA
"20232","20232",HEM,HEMATOLOGIA,CIRA|CIRP,CIRUJANO|CIRUJANO AYUDANTE
"20242","20242",ENF,ENFERMERIA,DUEC|DUEI|DUEP,ENFERMERO CIRCULANTE|ENFERMERO INSTRUMENTISTA|ENFERMERO PERFUSIONISTA
"20252","20252",NRC,NEUROCIRUGIA,CIRA|CIRP,CIRUJANO|CIRUJANO AYUDANTE
"20253","20253",MIV,MEDICINA INTENSIVA,CIRA|CIRP,CIRUJANO|CIRUJANO AYUDANTE
"20254","20254",MIV,MEDICINA INTENSIVA,CIRA|CIRP,CIRUJANO|CIRUJANO AYUDANTE
"20256","20256",NRL,NEUROLOGIA,CIRA|CIRP,CIRUJANO|CIRUJANO AYUDANTE
"20263","20263",MIR,MEDICINA INTERNA,CIRA|CIRP,CIRUJANO|CIRUJANO AYUDANTE
"20269","20269",PSC,PSICOLOGIA CLINICA,CIRA|CIRP,CIRUJANO|CIRUJANO AYUDANTE
"20270","20270",CCA,CIRUGIA CARDIACA,CIRA|CIRP,CIRUJANO|CIRUJANO AYUDANTE
"20271","20271",MIR,MEDICINA INTERNA,CIRA|CIRP,CIRUJANO|CIRUJANO AYUDANTE
"20274","20274",RAD,RADIOLOGIA,CIRA|CIRP|RAD,CIRUJANO|CIRUJANO AYUDANTE|RADIÓLOGO
"20276","20276",ACV,ANGIOLOGIA / CIR. VASCULAR,CIRA|CIRP,CIRUJANO|CIRUJANO AYUDANTE
"20278","20278",DER,DERMATOLOGIA,CIRA|CIRP,CIRUJANO|CIRUJANO AYUDANTE
"20281","20281",ONC,ONCOLOGIA MEDICA,CIRA|CIRP,CIRUJANO|CIRUJANO AYUDANTE
"20282","20282",ONC,ONCOLOGIA MEDICA,CIRA|CIRP,CIRUJANO|CIRUJANO AYUDANTE
"20283","20283",ONC,ONCOLOGIA MEDICA,CIRA|CIRP,CIRUJANO|CIRUJANO AYUDANTE
"20284","20284",CGD,CIRUGIA GRAL Y DE DIGESTIVO,CIRA|CIRP,CIRUJANO|CIRUJANO AYUDANTE
"20285","20285",CGD,CIRUGIA GRAL Y DE DIGESTIVO,CIRA|CIRP,CIRUJANO|CIRUJANO AYUDANTE
"20293","20293",CGD,CIRUGIA GRAL Y DE DIGESTIVO,CIRA|CIRP,CIRUJANO|CIRUJANO AYUDANTE
"20294","20294",CPE,CIRUGIA PEDIATRICA,CIRA|CIRP,CIRUJANO|CIRUJANO AYUDANTE
"20295","20295",CGD,CIRUGIA GRAL Y DE DIGESTIVO,CIRA|CIRP,CIRUJANO|CIRUJANO AYUDANTE
"20296","20296",DIG,DIGESTIVO,CIRA|CIRP,CIRUJANO|CIRUJANO AYUDANTE
"20297","20297",DIG,DIGESTIVO,CIRA|CIRP,CIRUJANO|CIRUJANO AYUDANTE
"20299","20299",CGD,CIRUGIA GRAL Y DE DIGESTIVO,CIRA|CIRP,CIRUJANO|CIRUJANO AYUDANTE
"20303","20303",TRA,CIRUGIA ORTOPEDICA Y TRAUMATOLOGIA,CIRA|CIRP,CIRUJANO|CIRUJANO AYUDANTE
"20304","20304",TRA,CIRUGIA ORTOPEDICA Y TRAUMATOLOGIA,CIRA|CIRP,CIRUJANO|CIRUJANO AYUDANTE
"20305","20305",TRA,CIRUGIA ORTOPEDICA Y TRAUMATOLOGIA,CIRA|CIRP,CIRUJANO|CIRUJANO AYUDANTE
"20306","20306",NRL,NEUROLOGIA,CIRA|CIRP,CIRUJANO|CIRUJANO AYUDANTE
"20318","20318",MIR,MEDICINA INTERNA,CIRA|CIRP,CIRUJANO|CIRUJANO AYUDANTE
"20323","20323",CPL,CIRUGIA PLASTICA,CIRA|CIRP,CIRUJANO|CIRUJANO AYUDANTE
"20324","20324",URO,UROLOGIA,CIRA|CIRP,CIRUJANO|CIRUJANO AYUDANTE
"20325","20325",MIR,MEDICINA INTERNA,CIRA|CIRP,CIRUJANO|CIRUJANO AYUDANTE
"20326","20326",MIR,MEDICINA INTERNA,CIRA|CIRP,CIRUJANO|CIRUJANO AYUDANTE
"20327","20327",GIN,GINECOLOGIA,CIRA|CIRP,CIRUJANO|CIRUJANO AYUDANTE
"20328","20328",OBS,OBSTETRICIA,CIRA|CIRP,CIRUJANO|CIRUJANO AYUDANTE
"20329","20329",GIN,GINECOLOGIA,CIRA|CIRP,CIRUJANO|CIRUJANO AYUDANTE
"20330","20330",GIN,GINECOLOGIA,CIRA|CIRP,CIRUJANO|CIRUJANO AYUDANTE
"20333","20333",CAR,CARDIOLOGIA,CIRA|CIRP,CIRUJANO|CIRUJANO AYUDANTE
"20334","20334",CAR,CARDIOLOGIA,CIRA|CIRP,CIRUJANO|CIRUJANO AYUDANTE
"20335","20335",CAR,CARDIOLOGIA,CIRA|CIRP,CIRUJANO|CIRUJANO AYUDANTE
"20336","20336",CAR,CARDIOLOGIA,CIRA|CIRP,CIRUJANO|CIRUJANO AYUDANTE
"20346","20346",ANR,ANESTESIA Y REANIMACION,ANE,ANESTESIÓLOGO
"20348","20348",PSQ,PSIQUIATRIA,CIRA|CIRP,CIRUJANO|CIRUJANO AYUDANTE
"20349","20349",MIR,MEDICINA INTERNA,CIRA|CIRP,CIRUJANO|CIRUJANO AYUDANTE
"20350","20350",REU,REUMATOLOGIA,CIRA|CIRP,CIRUJANO|CIRUJANO AYUDANTE
"20351","20351",MIV,MEDICINA INTENSIVA,CIRA|CIRP,CIRUJANO|CIRUJANO AYUDANTE
"20358","20358",PSC,PSICOLOGIA CLINICA,CIRA|CIRP,CIRUJANO|CIRUJANO AYUDANTE
"20359","20359",MIR,MEDICINA INTERNA,CIRA|CIRP,CIRUJANO|CIRUJANO AYUDANTE
"20360","20360",ENF,ENFERMERIA,DUEC|DUEI|DUEP,ENFERMERO CIRCULANTE|ENFERMERO INSTRUMENTISTA|ENFERMERO PERFUSIONISTA
"20373","20373",REH,REHABILITACION,CIRA|CIRP,CIRUJANO|CIRUJANO AYUDANTE
"20374","20374",CMF,CIRUGIA MAXILOFACIAL,CIRA|CIRP,CIRUJANO|CIRUJANO AYUDANTE
"20375","20375",CMF,CIRUGIA MAXILOFACIAL,CIRA|CIRP,CIRUJANO|CIRUJANO AYUDANTE
"20399","20399",ANR,ANESTESIA Y REANIMACION,ANE,ANESTESIÓLOGO
"20402","20402",ANR,ANESTESIA Y REANIMACION,ANE,ANESTESIÓLOGO
"20410","20410",MGEN,MEDICINA DE FAMILIA,CIRA|CIRP,CIRUJANO|CIRUJANO AYUDANTE
"20453","20453",ENF,ENFERMERIA,DUEC|DUEI|DUEP,ENFERMERO CIRCULANTE|ENFERMERO INSTRUMENTISTA|ENFERMERO PERFUSIONISTA
"20473","20473",ADM,ADMISION Y DOCUMENTACION CLINICA,DUEC|DUEI|DUEP,ENFERMERO CIRCULANTE|ENFERMERO INSTRUMENTISTA|ENFERMERO PERFUSIONISTA
"20480","20480",ENF,ENFERMERIA,DUEC|DUEI,ENFERMERO CIRCULANTE|ENFERMERO INSTRUMENTISTA
"20481","20481",ENF,ENFERMERIA,DUEC|DUEI,ENFERMERO CIRCULANTE|ENFERMERO INSTRUMENTISTA
"20482","20482",ENF,ENFERMERIA,DUEC|DUEI|DUEP,ENFERMERO CIRCULANTE|ENFERMERO INSTRUMENTISTA|ENFERMERO PERFUSIONISTA
"20483","20483",ENF,ENFERMERIA,DUEC|DUEI,ENFERMERO CIRCULANTE|ENFERMERO INSTRUMENTISTA
"20484","20484",ENF,ENFERMERIA,DUEC|DUEI|DUEP,ENFERMERO CIRCULANTE|ENFERMERO INSTRUMENTISTA|ENFERMERO PERFUSIONISTA
"20486","20486",ENF,ENFERMERIA,DUEC|DUEI,ENFERMERO CIRCULANTE|ENFERMERO INSTRUMENTISTA
"20487","20487",ENF,ENFERMERIA,DUEC|DUEI,ENFERMERO CIRCULANTE|ENFERMERO INSTRUMENTISTA
"20488","20488",ENF,ENFERMERIA,DUEC|DUEI|DUEP,ENFERMERO CIRCULANTE|ENFERMERO INSTRUMENTISTA|ENFERMERO PERFUSIONISTA
"20490","20490",URG,URGENCIAS,DUEC|DUEI,ENFERMERO CIRCULANTE|ENFERMERO INSTRUMENTISTA
"20492","20492",CPE,CIRUGIA PEDIATRICA,CIRA|CIRP,CIRUJANO|CIRUJANO AYUDANTE
"20493","20493",ENF,ENFERMERIA,DUEC|DUEI,ENFERMERO CIRCULANTE|ENFERMERO INSTRUMENTISTA
"20495","20495",ENF,ENFERMERIA,DUEC|DUEI|DUEP,ENFERMERO CIRCULANTE|ENFERMERO INSTRUMENTISTA|ENFERMERO PERFUSIONISTA
"20512","20512",MIC,MICROBIOLOGIA Y PARASITOLOGIA,CIRA|CIRP,CIRUJANO|CIRUJANO AYUDANTE
"20513","20513",NML,NEUMOLOGIA,CIRA|CIRP,CIRUJANO|CIRUJANO AYUDANTE
"20515","20515",NRC,NEUROCIRUGIA,CIRA|CIRP,CIRUJANO|CIRUJANO AYUDANTE
"20516","20516",NRC,NEUROCIRUGIA,CIRA|CIRP,CIRUJANO|CIRUJANO AYUDANTE
"20545","20545",ENF,ENFERMERIA,DUEC|DUEI|DUEP,ENFERMERO CIRCULANTE|ENFERMERO INSTRUMENTISTA|ENFERMERO PERFUSIONISTA
"20548","20548",ENF,ENFERMERIA,DUEC|DUEI|DUEP,ENFERMERO CIRCULANTE|ENFERMERO INSTRUMENTISTA|ENFERMERO PERFUSIONISTA
"20554","20554",GEN,GENERAL,CIRA|CIRP,CIRUJANO|CIRUJANO AYUDANTE
"20557","20557",RAD,RADIOLOGIA,CIRA|CIRP|RAD,CIRUJANO|CIRUJANO AYUDANTE|RADIÓLOGO
"20570","20570",PED,PEDIATRIA,CIRA|CIRP,CIRUJANO|CIRUJANO AYUDANTE
"20598","20598",CAR,CARDIOLOGIA,CIRA|CIRP,CIRUJANO|CIRUJANO AYUDANTE
"20627","20627",ENF,ENFERMERIA,DUEC|DUEI|DUEP,ENFERMERO CIRCULANTE|ENFERMERO INSTRUMENTISTA|ENFERMERO PERFUSIONISTA
"20633","20633",PSQ,PSIQUIATRIA,CIRA|CIRP,CIRUJANO|CIRUJANO AYUDANTE
"20655","20655",ATP,ATENCION AL PACIENTE,AUXENF,AUXILIAR DE ENFERMERIA
"20661","20661",END,ENDOCRINOLOGIA,CIRA|CIRP,CIRUJANO|CIRUJANO AYUDANTE
"20662","20662",ENF,ENFERMERIA,DUEC|DUEI,ENFERMERO CIRCULANTE|ENFERMERO INSTRUMENTISTA
"20663","20663",PED,PEDIATRIA,CIRA|CIRP,CIRUJANO|CIRUJANO AYUDANTE
"20664","20664",PED,PEDIATRIA,CIRA|CIRP,CIRUJANO|CIRUJANO AYUDANTE
"20665","20665",PED,PEDIATRIA,AUXENF|CIRA|CIRP,AUXILIAR DE ENFERMERIA|CIRUJANO|CIRUJANO AYUDANTE
"20666","20666",MIP,Medicina Intensiva Pediátrica,CIRA|CIRP,CIRUJANO|CIRUJANO AYUDANTE
"20667","20667",PED,PEDIATRIA,CIRA|CIRP,CIRUJANO|CIRUJANO AYUDANTE
"20668","20668",PED,PEDIATRIA,CIRA|CIRP,CIRUJANO|CIRUJANO AYUDANTE
"20670","20670",HEM,HEMATOLOGIA,CIRA|CIRP,CIRUJANO|CIRUJANO AYUDANTE
"20671","20671",HEM,HEMATOLOGIA,CIRA|CIRP,CIRUJANO|CIRUJANO AYUDANTE
"20672","20672",HEM,HEMATOLOGIA,CIRA|CIRP,CIRUJANO|CIRUJANO AYUDANTE
"20675","20675",TRA,CIRUGIA ORTOPEDICA Y TRAUMATOLOGIA,CIRA|CIRP,CIRUJANO|CIRUJANO AYUDANTE
"20676","20676",TRA,CIRUGIA ORTOPEDICA Y TRAUMATOLOGIA,CIRA|CIRP,CIRUJANO|CIRUJANO AYUDANTE
"20681","20681",MIR,MEDICINA INTERNA,CIRA|CIRP,CIRUJANO|CIRUJANO AYUDANTE
"20687","20687",GEN,GENERAL,CIRA|CIRP,CIRUJANO|CIRUJANO AYUDANTE
"20696","20696",REH,REHABILITACION,CIRA|CIRP,CIRUJANO|CIRUJANO AYUDANTE
"20698","20698",CGD,CIRUGIA GRAL Y DE DIGESTIVO,CIRA|CIRP,CIRUJANO|CIRUJANO AYUDANTE
"20699","20699",URO,UROLOGIA,CIRA|CIRP,CIRUJANO|CIRUJANO AYUDANTE
"20700","20700",URO,UROLOGIA,CIRA|CIRP,CIRUJANO|CIRUJANO AYUDANTE
"20701","20701",REU,REUMATOLOGIA,CIRA|CIRP,CIRUJANO|CIRUJANO AYUDANTE
"20702","20702",CGD,CIRUGIA GRAL Y DE DIGESTIVO,CIRA|CIRP,CIRUJANO|CIRUJANO AYUDANTE
"20703","20703",NRL,NEUROLOGIA,CIRA|CIRP,CIRUJANO|CIRUJANO AYUDANTE
"20704","20704",NRL,NEUROLOGIA,CIRA|CIRP,CIRUJANO|CIRUJANO AYUDANTE
"20705","20705",NRL,NEUROLOGIA,CIRA|CIRP,CIRUJANO|CIRUJANO AYUDANTE
"20706","20706",NRL,NEUROLOGIA,CIRA|CIRP,CIRUJANO|CIRUJANO AYUDANTE
"20707","20707",NRC,NEUROCIRUGIA,ANE|CIRA|CIRP,ANESTESIÓLOGO|CIRUJANO|CIRUJANO AYUDANTE
"20708","20708",MIR,MEDICINA INTERNA,CIRA|CIRP,CIRUJANO|CIRUJANO AYUDANTE
"20709","20709",MIR,MEDICINA INTERNA,CIRA|CIRP,CIRUJANO|CIRUJANO AYUDANTE
"20710","20710",ONC,ONCOLOGIA MEDICA,CIRA|CIRP,CIRUJANO|CIRUJANO AYUDANTE
"20711","20711",ONC,ONCOLOGIA MEDICA,CIRA|CIRP,CIRUJANO|CIRUJANO AYUDANTE
"20712","20712",ONC,ONCOLOGIA MEDICA,CIRA|CIRP,CIRUJANO|CIRUJANO AYUDANTE
"20713","20713",MIR,MEDICINA INTERNA,CIRA|CIRP,CIRUJANO|CIRUJANO AYUDANTE
"20714","20714",MIR,MEDICINA INTERNA,CIRA|CIRP,CIRUJANO|CIRUJANO AYUDANTE
"20715","20715",MIV,MEDICINA INTENSIVA,CIRA|CIRP,CIRUJANO|CIRUJANO AYUDANTE
"20716","20716",MIV,MEDICINA INTENSIVA,CIRA|CIRP,CIRUJANO|CIRUJANO AYUDANTE
"20717","20717",MIR,MEDICINA INTERNA,CIRA|CIRP,CIRUJANO|CIRUJANO AYUDANTE
"20718","20718",MIR,MEDICINA INTERNA,CIRA|CIRP,CIRUJANO|CIRUJANO AYUDANTE
"20719","20719",MIR,MEDICINA INTERNA,CIRA|CIRP,CIRUJANO|CIRUJANO AYUDANTE
"20720","20720",HAD,HOSP. A DOMICILIO,CIRA|CIRP,CIRUJANO|CIRUJANO AYUDANTE
"20721","20721",GRT,GERIATRIA,CIRA|CIRP,CIRUJANO|CIRUJANO AYUDANTE
"20723","20723",GRT,GERIATRIA,CIRA|CIRP,CIRUJANO|CIRUJANO AYUDANTE
"20724","20724",ONR,ONCOLOGIA RADIOTERAPICA,CIRA|CIRP,CIRUJANO|CIRUJANO AYUDANTE
"20725","20725",ONR,ONCOLOGIA RADIOTERAPICA,CIRA|CIRP,CIRUJANO|CIRUJANO AYUDANTE
"20726","20726",CAR,CARDIOLOGIA,CIRA|CIRP,CIRUJANO|CIRUJANO AYUDANTE
"20727","20727",MNU,MEDICINA NUCLEAR,CIRA|CIRP,CIRUJANO|CIRUJANO AYUDANTE
"20728","20728",PSQ,PSIQUIATRIA,CIRA|CIRP,CIRUJANO|CIRUJANO AYUDANTE
"20729","20729",MIP,Medicina Intensiva Pediátrica,CIRA|CIRP,CIRUJANO|CIRUJANO AYUDANTE
"20730","20730",PED,PEDIATRIA,CIRA|CIRP,CIRUJANO|CIRUJANO AYUDANTE
"20858","20858",ENF,ENFERMERIA,DUEC|DUEI,ENFERMERO CIRCULANTE|ENFERMERO INSTRUMENTISTA
"20859","20859",CMF,CIRUGIA MAXILOFACIAL,CIRA|CIRP,CIRUJANO|CIRUJANO AYUDANTE
"20860","20860",CPL,CIRUGIA PLASTICA,CIRA|CIRP,CIRUJANO|CIRUJANO AYUDANTE
"20861","20861",TRA,CIRUGIA ORTOPEDICA Y TRAUMATOLOGIA,CIRA|CIRP,CIRUJANO|CIRUJANO AYUDANTE
"20863","20863",CAR,CARDIOLOGIA,CIRA|CIRP,CIRUJANO|CIRUJANO AYUDANTE
"20868","20868",ANR,ANESTESIA Y REANIMACION,ANE,ANESTESIÓLOGO
"20869","20869",DER,DERMATOLOGIA,CIRA|CIRP,CIRUJANO|CIRUJANO AYUDANTE
"20870","20870",ACV,ANGIOLOGIA / CIR. VASCULAR,CIRA|CIRP,CIRUJANO|CIRUJANO AYUDANTE
"20871","20871",ANR,ANESTESIA Y REANIMACION,ANE,ANESTESIÓLOGO
"20872","20872",ANR,ANESTESIA Y REANIMACION,ANE,ANESTESIÓLOGO
"20873","20873",PSQ,PSIQUIATRIA,CIRA|CIRP,CIRUJANO|CIRUJANO AYUDANTE
"20878","20878",DER,DERMATOLOGIA,CIRA|CIRP,CIRUJANO|CIRUJANO AYUDANTE
"20881","20881",INM,INMUNOLOGIA,CIRA|CIRP,CIRUJANO|CIRUJANO AYUDANTE
"20890","20890",ENF,ENFERMERIA,AUXENF,AUXILIAR DE ENFERMERIA
"20891","20891",OFT,OFTALMOLOGIA,CIRA|CIRP,CIRUJANO|CIRUJANO AYUDANTE
"20895","20895",ENF,ENFERMERIA,DUEC|DUEI,ENFERMERO CIRCULANTE|ENFERMERO INSTRUMENTISTA
"20896","20896",ENF,ENFERMERIA,DUEC|DUEI|DUEP,ENFERMERO CIRCULANTE|ENFERMERO INSTRUMENTISTA|ENFERMERO PERFUSIONISTA
"20897","20897",ENF,ENFERMERIA,DUEC|DUEI,ENFERMERO CIRCULANTE|ENFERMERO INSTRUMENTISTA
"20898","20898",ENF,ENFERMERIA,DUEC|DUEI,ENFERMERO CIRCULANTE|ENFERMERO INSTRUMENTISTA
"20899","20899",ENF,ENFERMERIA,DUEC|DUEI|DUEP,ENFERMERO CIRCULANTE|ENFERMERO INSTRUMENTISTA|ENFERMERO PERFUSIONISTA
"20900","20900",ENF,ENFERMERIA,DUEC|DUEI|DUEP,ENFERMERO CIRCULANTE|ENFERMERO INSTRUMENTISTA|ENFERMERO PERFUSIONISTA
"20904","20904",END,ENDOCRINOLOGIA,CIRA|CIRP,CIRUJANO|CIRUJANO AYUDANTE
"20905","20905",ENF,ENFERMERIA,DUEC|DUEI|DUEP,ENFERMERO CIRCULANTE|ENFERMERO INSTRUMENTISTA|ENFERMERO PERFUSIONISTA
"20911","20911",REH,REHABILITACION,CIRA|CIRP,CIRUJANO|CIRUJANO AYUDANTE
"20912","20912",OFT,OFTALMOLOGIA,CIRA|CIRP,CIRUJANO|CIRUJANO AYUDANTE
"20915","20915",ENF,ENFERMERIA,DUEC|DUEI,ENFERMERO CIRCULANTE|ENFERMERO INSTRUMENTISTA
"20918","20918",PED,PEDIATRIA,CIRA|CIRP,CIRUJANO|CIRUJANO AYUDANTE
"20919","20919",ENF,ENFERMERIA,DUEC|DUEI|DUEP,ENFERMERO CIRCULANTE|ENFERMERO INSTRUMENTISTA|ENFERMERO PERFUSIONISTA
"20929","20929",ENF,ENFERMERIA,DUEC|DUEI,ENFERMERO CIRCULANTE|ENFERMERO INSTRUMENTISTA
"20950","20950",RAD,RADIOLOGIA,CIRA|CIRP|RAD,CIRUJANO|CIRUJANO AYUDANTE|RADIÓLOGO
"20956","20956",CAR,CARDIOLOGIA,CIRA|CIRP,CIRUJANO|CIRUJANO AYUDANTE
"20958","20958",PED,PEDIATRIA,CIRA|CIRP,CIRUJANO|CIRUJANO AYUDANTE
"20970","20970",GIN,GINECOLOGIA,CIRA|CIRP,CIRUJANO|CIRUJANO AYUDANTE
"21007","21007",RAD,RADIOLOGIA,RAD,RADIÓLOGO
"21009","21009",ENF,ENFERMERIA,DUEC|DUEI|DUEP,ENFERMERO CIRCULANTE|ENFERMERO INSTRUMENTISTA|ENFERMERO PERFUSIONISTA
"21018","21018",PSQ,PSIQUIATRIA,CIRA|CIRP,CIRUJANO|CIRUJANO AYUDANTE
"21020","21020",REH,REHABILITACION,CIRA|CIRP,CIRUJANO|CIRUJANO AYUDANTE
"21035","21035",ONC,ONCOLOGIA MEDICA,CIRA|CIRP,CIRUJANO|CIRUJANO AYUDANTE
"21039","21039",ORL,OTORRINOLARINGOLOGIA,CIRA|CIRP,CIRUJANO|CIRUJANO AYUDANTE
"21040","21040",GIN,GINECOLOGIA,DUEC|DUEI,ENFERMERO CIRCULANTE|ENFERMERO INSTRUMENTISTA
"21055","21055",REH,REHABILITACION,CIRA|CIRP,CIRUJANO|CIRUJANO AYUDANTE
"21059","21059",ENF,ENFERMERIA,DUEC|DUEI|DUEP,ENFERMERO CIRCULANTE|ENFERMERO INSTRUMENTISTA|ENFERMERO PERFUSIONISTA
"21062","21062",END,ENDOCRINOLOGIA,CIRA|CIRP,CIRUJANO|CIRUJANO AYUDANTE
"21063","21063",NML,NEUMOLOGIA,CIRA|CIRP,CIRUJANO|CIRUJANO AYUDANTE
"21073","21073",ANR,ANESTESIA Y REANIMACION,ANE,ANESTESIÓLOGO
"21076","21076",ENF,ENFERMERIA,DUEC|DUEI|DUEP,ENFERMERO CIRCULANTE|ENFERMERO INSTRUMENTISTA|ENFERMERO PERFUSIONISTA
"21080","21080",DER,DERMATOLOGIA,CIRA|CIRP,CIRUJANO|CIRUJANO AYUDANTE
"21081","21081",ENF,ENFERMERIA,DUEC|DUEI|DUEP,ENFERMERO CIRCULANTE|ENFERMERO INSTRUMENTISTA|ENFERMERO PERFUSIONISTA
"21084","21084",ENF,ENFERMERIA,DUEC|DUEI,ENFERMERO CIRCULANTE|ENFERMERO INSTRUMENTISTA
"21095","21095",ENF,ENFERMERIA,DUEC|DUEI|DUEP,ENFERMERO CIRCULANTE|ENFERMERO INSTRUMENTISTA|ENFERMERO PERFUSIONISTA
"21100","21100",OBS,OBSTETRICIA,CIRA|CIRP,CIRUJANO|CIRUJANO AYUDANTE
"21101","21101",OBS,OBSTETRICIA,CIRA|CIRP,CIRUJANO|CIRUJANO AYUDANTE
"21102","21102",OBS,OBSTETRICIA,CIRA|CIRP,CIRUJANO|CIRUJANO AYUDANTE
"21103","21103",OBS,OBSTETRICIA,CIRA|CIRP,CIRUJANO|CIRUJANO AYUDANTE
"21104","21104",OBS,OBSTETRICIA,CIRA|CIRP,CIRUJANO|CIRUJANO AYUDANTE
"21107","21107",ENF,ENFERMERIA,DUEC|DUEI|DUEP,ENFERMERO CIRCULANTE|ENFERMERO INSTRUMENTISTA|ENFERMERO PERFUSIONISTA
"21108","21108",PED,PEDIATRIA,CIRA|CIRP,CIRUJANO|CIRUJANO AYUDANTE
"21109","21109",PED,PEDIATRIA,CIRA|CIRP,CIRUJANO|CIRUJANO AYUDANTE
"21110","21110",PED,PEDIATRIA,CIRA|CIRP,CIRUJANO|CIRUJANO AYUDANTE
"21111","21111",PED,PEDIATRIA,CIRA|CIRP,CIRUJANO|CIRUJANO AYUDANTE
"21112","21112",PED,PEDIATRIA,CIRA|CIRP,CIRUJANO|CIRUJANO AYUDANTE
"21113","21113",PED,PEDIATRIA,CIRA|CIRP,CIRUJANO|CIRUJANO AYUDANTE
"21114","21114",MGEN,MEDICINA DE FAMILIA,CIRA|CIRP,CIRUJANO|CIRUJANO AYUDANTE
"21115","21115",PED,PEDIATRIA,CIRA|CIRP,CIRUJANO|CIRUJANO AYUDANTE
"21116","21116",ANR,ANESTESIA Y REANIMACION,ANE,ANESTESIÓLOGO
"21117","21117",ANR,ANESTESIA Y REANIMACION,ANE,ANESTESIÓLOGO
"21118","21118",ANR,ANESTESIA Y REANIMACION,ANE,ANESTESIÓLOGO
"21119","21119",ANR,ANESTESIA Y REANIMACION,ANE,ANESTESIÓLOGO
"21120","21120",ANR,ANESTESIA Y REANIMACION,ANE,ANESTESIÓLOGO
"21121","21121",ANR,ANESTESIA Y REANIMACION,ANE,ANESTESIÓLOGO
"21122","21122",ANR,ANESTESIA Y REANIMACION,ANE,ANESTESIÓLOGO
"21123","21123",ANR,ANESTESIA Y REANIMACION,ANE,ANESTESIÓLOGO
"21124","21124",ANR,ANESTESIA Y REANIMACION,ANE,ANESTESIÓLOGO
"21125","21125",ANR,ANESTESIA Y REANIMACION,ANE,ANESTESIÓLOGO
"21126","21126",URO,UROLOGIA,CIRA|CIRP,CIRUJANO|CIRUJANO AYUDANTE
"21127","21127",URO,UROLOGIA,CIRA|CIRP,CIRUJANO|CIRUJANO AYUDANTE
"21128","21128",ACV,ANGIOLOGIA / CIR. VASCULAR,CIRA|CIRP,CIRUJANO|CIRUJANO AYUDANTE
"21129","21129",NRL,NEUROLOGIA,CIRA|CIRP,CIRUJANO|CIRUJANO AYUDANTE
"21130","21130",NRL,NEUROLOGIA,CIRA|CIRP,CIRUJANO|CIRUJANO AYUDANTE
